0,You are truly a life saver boss your game is very cool and sure winning thanks so much you have proven to me that fixed match is real@Emmanuelbest506#DavidoJoshua Selman Bella Shmurda#Otedola#Sophia#Asake#EgusiPresident of Nigeria South Africa#Python#Buju#Frenkie#idan
1,"What are the#latesttechnologies used by#Androidmobile app development#companies?

Read More:bit.ly/3O6Sh2P#technologies#mobileapps#android#iosapps#java#python#swift#trends#science#hyena#appdevelopmentcompany#developers"
2,She is feathering her nest and laying eggs. There have been 3 movement(s) in the last  34 Minuites in the nestbox.#bluetit#nestbox#nesting#nature#gatwick#RaspberryPi#python#opencv#picamera2#Arducam#STARVIS
3,"We are thrilled to share that we have officially published 999+ Practical on our website!. 
.
.
馃寪10tutorials.com.
.#110tutorials#110tutorial#aurosoft#aurosofttechnologies#programming#languages#java#python#gujarat#university#java#SPCE#gujaratuniversity"
4,The Dyson Airstrait uses only air to straighten your hair 鈥� seriouslycstu.io/4d55b2#ai#digital#python#india#programmer
5,"#鏃ョ祵2251鍒嗚冻

CPU銇°們銈� vs GPU銇°們銉笺伅銈�

绱�110涓囥亱鎵�銇甪itting銈�
CPU銇°們銈撱仺GPU銇°們銉笺伅銈撱伀銇曘仜銇熴伩銈囷綖
CPU銇°們銈撱��銆�銆�54绉�
GPU銇°們銉笺伅銈撱��0.6绉�
绱�100鍊�
GPU銈炽偄鏁�3000鍊嬨亗銈嬨亱銈�1000鍊嶄綅琛屻亸銇嬨仾锝炪仺

绲愯珫
銇娿倐銇ｃ仧銈撱仩銇戙仼銇�...#python#CUDA"
6,"Bark AI - Making text to sound tutorial. Free, open source. Realistic sounds, music, sound effects.piped.video/iCabmtOi6J4#ai#bark#barkai#opensource#github#texttospeech#LLM#aisong#tutorial#Tutorials#install#free#Python"
7,"No one can understand women. If she is a programmer, then you are ..... 馃ぃ#Python#pythonprogrammingbtw this meme is created by one of the women 馃ぃ#programmingmemes#programmingjoke#programminghumor"
8,"Hello People!!!
Loops > Coding Practice - 10C
105 / 365 Days - Coding Challenge
Consistency matters a lot in development!!!#PYTHON#nxtwave#ccbpian#coding#365daysofcode#365daysofchallenge#software#CSE#pythonprogrammingNxtWave聽Rahul Attuluri"
9,銉曘儶銉炪偄銉椼儶銇ｃ仸绲愬眬鐩稿牬鍓嶅緦銈勩倱銆傘個銇椼倣寮枫��#銈裤偆銉犮偦銉笺儷#銈€優銈俱兂#amazon#瀹堕浕#妤藉ぉ甯傚牬#妤藉ぉ銈广兗銉戙兗銈汇兗銉�#python#绔嬬洿骞冲拰鑳冪棝婧�璨┍椤宯ow  闈掓煶銇曘倱amzn.to/3KFTlZZ
10,"Weather at Fort Meade / Tipton, MD - via NOAA's National Weather Service
Conditions: Mostly Cloudy
Barometer: 30.09 in (1018.8 mb)
Temperature: 53掳
Winds: Calm. The humidity is 100%

Powered by#Raspbian#Linux#Maker#Python"
11,Java And C++ Complete Course for Beginners 2022bit.ly/3pA4Md9#artificialintelligence#programming#developer#machinelearning#datascience#softwaredeveloper#morioh#computerscience#ai#python#deeplearning
12,Mobile Virtual Network Operator (MVNO) Course for Beginnerbit.ly/42sDQKJ#morioh#python#deeplearning#artificialintelligence#machinelearning#softwaredeveloper#programming#computerscience#ai#datascience#developer
13,Our Design team attended the Design Drives Conference at Munich Creative Business Week early this month! 馃ぉ#design#rails#python#nodejs#productdevelopment#softwaredevelopment
14,Mit#Pythonrequests an#Influxdbund dann diverse#grafanaDashboards.gitlab.com/p3605/hoymiles-ta鈥�
15,Me: I can code. My Friend: Oh You must be really smart! Me: Yes鈥� but no.#Python#javascript#programming#programminghumor#programmingmemes
16,"SQL Bootcamp with MySQL, PHP &#Python: 5 Courses in 1bit.ly/3I65Sn8#morioh#softwaredeveloper#ai#developer#artificialintelligence#computerscience#deeplearning#datascience#programming#machinelearning"
17,I've got a really good UDP joke to tell you but I don鈥檛 know if you'll get it.#programming#programmingjoke#programminghumor#Python#javascript#Java
18,"My latest blog post: 

""Unleashing the Power of Django Signals: Harnessing the Hidden Gems""

Django Signals is a mechanism that allows decoupled applications to get notified about certain events and take action accordingly.#django#Python#webdevelopmentdeveloper.developer-service.鈥�"
19,T茅l茅gram馃憞t.me/Zood_beuh77#Franceverte@PSGInMyBlood#gamedev#PSG#LOSC#Annecy_live#RobloxDev#ViolencesPolici猫res#Programming#Macron#blocagetotal#Zelensky@AnimeRTweeters#antireport#Programming#JavaScript#Python#saccageparis
20,"Let's check out how `breakpoint()` can help us to quickly debug our code, and easily switch between different debuggers.

{ author:@DylanPaulus}#DEVCommunity#Pythondev.to/ganderzz/faster-and-e鈥�"
21,RT Breast Cancer Anomaly Detection for Improved Screening#Algorithm#Beginner#Healthcare#MachineLearning#Pythondlvr.it/Snwg1V
22,There have been 2 movements in the last  11 Minuites in the this nestbox.#bluetit#nestbox#nature#gatwick#RaspberryPi#python#opencv#picamera2
23,django-loginas#python#pythonnews#pythondailypackage-hub.github.io/python鈥�
24,Fundamental Electronics Courses for Beginnersbit.ly/3VTFxP7#machinelearning#artificialintelligence#python#computerscience#deeplearning#softwaredeveloper#morioh#developer#datascience#ai#programming
25,Infusing AI Into Web3 Gaming: Irreverent Labs - Social Media Examinerift.tt/pDQMEXRFollow@PDH_Metaversefor the latest for#Gaming#Python#Java#GameDev#Innovationnews daily 11am - 1pm GMT
26,馃寪 Unleash the Power of ChatGPT to Create Static Pages! 馃殌鉁峞ducationecosystem.com/blog/鈥�#Programming#Coding#JavaScript#Python#AI
27,"馃寘 Melio is hiring Data Infrastructure Engineer 

馃寚 Tel Aviv, Israel 
馃挭#Infrastructure#python#sql#typescript#machinelearning#aws#tech#softwareengineer#jobsechojobs.io/job/melio-data-i鈥�"
28,Learn Web Design With HTML and CSSbit.ly/42Pj5ZG#computerscience#programming#developer#deeplearning#machinelearning#python#datascience#softwaredeveloper#ai#morioh#artificialintelligence
29,Learn to#Install#Python#Chatbotvia#asmak9piped.video/uqWDQ7inFKk